id,coin,direction,category,entry_price,exit_price,tp_hit,pnl_pct,pnl_usd,pattern,signal_score,opened_at,closed_at,bybit_order_id,conf_pct
RENDER_LONG_2026-06-15_1821,RENDER,LONG,PARTIAL_WIN,1.645,1.85,TP1,0.0,0.0,Stage 2 expansion — liquidity reclaim,,2026-06-12 22:31,2026-06-15 18:21,,89.0
WLD_SHORT_2026-06-15_0721,WLD,SHORT,LOSS,0.5025,0.528,SL,0.0,0.0,LH/LL breakdown — RS failure vs BTC,,2026-06-12 22:31,2026-06-15 07:21,,91.0
ENA_SHORT_2026-06-15_2021,ENA,SHORT,LOSS,0.0835,0.088,SL,0.0,0.0,7d negative divergence — distribution stage,,2026-06-12 22:31,2026-06-15 20:21,,89.0
RENDER_LONG_2026-06-15_0451,RENDER,LONG,PARTIAL_WIN,1.64,1.8,TP1,0.0,0.0,"Momentum expansion retest — 7.37% 24h, AI narrative strength, Stage 2 structure",,2026-06-12 22:47,2026-06-15 04:51,,88.0
WLD_SHORT_2026-06-14_1321,WLD,SHORT,LOSS,0.494,0.518,SL,0.0,0.0,"RS failure — -4.84% 24h, -10.73% 7d, LH/LL structure, distribution stage 4-5",,2026-06-12 22:47,2026-06-14 13:21,,91.0
ZRO_SHORT_2026-06-15_0921,ZRO,SHORT,LOSS,0.93,0.968,SL,0.0,0.0,"Breakdown continuation — -1.41% 24h, -8.98% 7d, dead momentum, weak base",,2026-06-12 22:47,2026-06-15 09:21,,89.0
ENA_SHORT_2026-06-13_2021,ENA,SHORT,LOSS,0.08,0.0845,SL,0.0,0.0,RS failure — -13.16% 7d bear continuation,,2026-06-13 12:57,2026-06-13 20:21,,91.0
INJ_SHORT_2026-06-15_1851,INJ,SHORT,LOSS,5.16,5.48,SL,0.0,0.0,Dead cat bounce failure — breakdown structure,,2026-06-13 12:57,2026-06-15 18:51,,90.0
XLM_SHORT_2026-06-15_1851,XLM,SHORT,LOSS,0.189,0.196,SL,0.0,0.0,LH/LL breakdown — -3.90% 7d laggard distribution,,2026-06-13 12:57,2026-06-15 18:51,,89.0
ADA_LONG_2026-06-15_0651,ADA,LONG,PARTIAL_WIN,0.169,0.182,TP1,0.0,0.0,Stage 2 expansion — HH/HL structure intact,,2026-06-13 17:03,2026-06-15 06:51,,88.0
FF_SHORT_2026-06-15_0021,FF,SHORT,PARTIAL_WIN,0.07925,0.07,TP1,0.0,0.0,"Laggard breakdown — -13.72% 7d, no base formation",,2026-06-13 17:03,2026-06-15 00:21,,88.0
WLD_LONG_2026-06-14_1321,WLD,LONG,PARTIAL_WIN,0.465,0.52,TP1,0.0,0.0,Bull flag continuation — compression breakout,,2026-06-13 18:03,2026-06-14 13:21,,89.0
CHZ_SHORT_2026-06-16_0951,CHZ,SHORT,PARTIAL_WIN,0.02685,0.0238,TP1,0.0,0.0,"RS failure — dead momentum, distribution structure",,2026-06-13 20:04,2026-06-16 09:51,,88.0
NEAR_LONG_2026-06-15_1121,NEAR,LONG,PARTIAL_WIN,2.11,2.35,TP1,0.0,0.0,"Stage 2 breakout retest — HH/HL structure, 7d +16.16%, compression reclaim",,2026-06-14 00:03,2026-06-15 11:21,,91.0
WLD_LONG_2026-06-15_0851,WLD,LONG,PARTIAL_WIN,0.493,0.545,TP1,0.0,0.0,"Stage 2 expansion retest, +22.50% 7d, vol quality healthy 0.016, pullback entry",,2026-06-14 00:03,2026-06-15 08:51,,88.0
XLM_SHORT_2026-06-15_1921,XLM,SHORT,LOSS,0.1925,0.2,SL,0.0,0.0,"7d -7.76% relative weakness, LH forming, RS failure vs BTC/ETH, dead momentum",,2026-06-14 00:03,2026-06-15 19:21,,88.0
FF_SHORT_2026-06-15_0021,FF,SHORT,PARTIAL_WIN,0.0805,0.07,TP1,0.0,0.0,"7d -14.71% persistent downtrend, Stage 4-5 distribution, laggard structure, breakdown continuation",,2026-06-14 00:03,2026-06-15 00:21,,87.0
ENA_SHORT_2026-06-15_2251,ENA,SHORT,LOSS,0.0845,0.09,SL,0.0,0.0,"RS failure — 7d -10.39% while market rallies, dead cat bounce exhaustion",,2026-06-14 10:04,2026-06-15 22:51,,88.0
BCH_SHORT_2026-06-15_1721,BCH,SHORT,LOSS,207.75,215.5,SL,0.0,0.0,"Breakdown retest — 7d -9.48%, LH/LL structure, RS failure vs BTC during BTC recovery",,2026-06-14 14:03,2026-06-15 17:21,,87.0
ENA_SHORT_2026-06-15_2251,ENA,SHORT,LOSS,0.0845,0.09,SL,0.0,0.0,"RS failure — Stage 5 distribution, -10.46% 7d",,2026-06-15 00:03,2026-06-15 22:51,,89.0
INJ_SHORT_2026-06-15_1821,INJ,SHORT,LOSS,5.125,5.42,SL,0.0,0.0,"LH/LL structure — breakdown retest, 7d -7.78%",,2026-06-15 02:04,2026-06-15 18:21,,88.0
AVAX_SHORT_2026-06-15_2021,AVAX,SHORT,LOSS,6.625,6.95,SL,0.0,0.0,"Bearish continuation — Stage 4-5 distribution, 24h -4.50% 7d -4.45%",,2026-06-15 02:04,2026-06-15 20:21,,86.0
BCH_SHORT_2026-06-15_1821,BCH,SHORT,LOSS,207.5,218,SL,0.0,0.0,"Breakdown — -3.42% 24h, -8.44% 7d, dead momentum, LH/LL confirmed",,2026-06-15 04:04,2026-06-15 18:21,,88.0
NEAR_LONG_2026-06-15_1821,NEAR,LONG,PARTIAL_WIN,2.165,2.42,TP1,0.0,0.0,HH/HL expansion — breakout retest of weekly resistance reclaim,,2026-06-15 06:03,2026-06-15 18:21,,87.0
SOL_LONG_2026-06-15_2351,SOL,LONG,PARTIAL_WIN,70.15,75.5,TP1,0.0,0.0,Breakout retest — Stage 2 expansion,,2026-06-15 14:03,2026-06-15 23:51,,91.0
JTO_LONG_2026-06-15_2121,JTO,LONG,PARTIAL_WIN,0.59,0.67,TP1,0.0,0.0,Momentum breakout retest — HH/HL structure intact,,2026-06-15 16:03,2026-06-15 21:21,,89.0
TIA_LONG_2026-06-17_0351,TIA,LONG,PARTIAL_WIN,0.344,0.39,TP1,0.0,0.0,Stage 2 expansion retest — relative strength emerging,,2026-06-15 16:03,2026-06-17 03:51,,87.0
H_SHORT_2026-06-15_1851,H,SHORT,PARTIAL_WIN,0.49,0.42,TP1,0.0,0.0,RS failure — catastrophic structure breakdown,,2026-06-15 18:04,2026-06-15 18:51,,86.0
H_SHORT_2026-06-15_2021,H,SHORT,LOSS,0.35,0.385,SL,0.0,0.0,"Stage 5 distribution — catastrophic -29% 24h/-59.96% 7d, dead bounce setup, RS failure vs entire market",,2026-06-15 20:04,2026-06-15 20:21,,91.0
AERO_LONG_2026-06-16_2221,AERO,LONG,PARTIAL_WIN,0.4215,0.475,TP1,0.0,0.0,Stage 2 breakout retest — 7d momentum expansion,,2026-06-15 22:03,2026-06-16 22:21,,90.0
ZRO_LONG_2026-06-16_0921,ZRO,LONG,LOSS,1.1475,1.09,SL,0.0,0.0,Breakout retest — 30% 24h surge with healthy Vol/MCap,,2026-06-15 22:03,2026-06-16 09:21,,88.0
AERO_LONG_2026-06-16_1851,AERO,LONG,PARTIAL_WIN,0.4075,0.46,TP1,0.0,0.0,"Stage 2 breakout — +20.75% 24h / +24% 7d, Vol/MCap 0.012 healthy, momentum expansion",,2026-06-16 00:03,2026-06-16 18:51,,89.0
H_SHORT_2026-06-16_0051,H,SHORT,PARTIAL_WIN,0.4325,0.36,TP1,0.0,0.0,"Breakdown continuation — -16.19% 24h / -58.64% 7d, LH/LL structure, $510M mcap eligible",,2026-06-16 00:03,2026-06-16 00:51,,89.0
XRP_LONG_2026-06-18_1121,XRP,LONG,LOSS,1.24,1.18,SL,0.0,0.0,Breakout retest — momentum continuation with volume,,2026-06-16 02:04,2026-06-18 11:21,,91.0
H_SHORT_2026-06-16_1451,H,SHORT,PARTIAL_WIN,0.375,0.3,TP1,0.0,0.0,Stage 5 distribution collapse — catastrophic RS failure -33%,,2026-06-16 02:04,2026-06-16 14:51,,91.0
ENA_SHORT_2026-06-17_2321,ENA,SHORT,LOSS,0.0875,0.093,SL,0.0,0.0,"RS failure — 7d -4.43% while BTC +4.34%, Stage 4-5 distribution",,2026-06-16 06:04,2026-06-17 23:21,,90.0
NEAR_LONG_2026-06-18_651,NEAR,LONG,LOSS,2.33,2.19,SL,0.0,0.0,HH/HL expansion — momentum continuation,,2026-06-16 08:04,2026-06-18 6:51,,91.0
CHZ_SHORT_2026-06-19_949,CHZ,SHORT,PARTIAL_WIN,0.0252,0.0222,TP1,0.0,0.0,"Bear expansion — 24h -5.09%, 7d -8.12%, RS failure vs BTC and dataset",,2026-06-16 14:04,2026-06-19 9:49,,86.0
INJ_LONG_2026-06-17_1521,INJ,LONG,LOSS,5.825,5.5,SL,0.0,0.0,Breakout retest — liquidity reclaim above $5.80 pivot,,2026-06-16 20:04,2026-06-17 15:21,,89.0
ZRO_LONG_2026-06-17_0651,ZRO,LONG,LOSS,1.16,1.08,SL,0.0,0.0,Stage 2 breakout — 7d +41% with healthy retest structure,,2026-06-16 20:04,2026-06-17 06:51,,87.0
JTO_LONG_2026-06-17_2221,JTO,LONG,LOSS,0.775,0.735,SL,0.0,0.0,"Bull flag retest — high RS vs BTC, strong 7d momentum",,2026-06-16 22:03,2026-06-17 22:21,,87.0
AERO_LONG_2026-06-16_2251,AERO,LONG,PARTIAL_WIN,0.429,0.478,TP1,0.0,0.0,Stage 2-3 expansion retest — 33% 7d breakout with healthy pullback,,2026-06-16 22:03,2026-06-16 22:51,,86.0
VVV_SHORT_2026-06-17_1021,VVV,SHORT,LOSS,15.5,16.5,SL,0.0,0.0,"RS failure — -10.16% 24h, -6.75% 7d, no institutional support",,2026-06-16 22:03,2026-06-17 10:21,,89.0
HYPE_LONG_2026-06-19_644,HYPE,LONG,LOSS,71.5,68.2,SL,0.0,0.0,"Stage 2-3 breakout retest — strongest RS in dataset, 7d +23.65%, reclaim of intraday demand zone",,2026-06-17 00:03,2026-06-19 6:44,,88.0
JTO_LONG_2026-06-17_1651,JTO,LONG,LOSS,0.7925,0.755,SL,0.0,0.0,"Bull flag compression — 7d +33.95%, healthy Vol/MCap 0.018, Stage 2 expansion retest",,2026-06-17 00:03,2026-06-17 16:51,,87.0
WLD_LONG_2026-06-17_0851,WLD,LONG,PARTIAL_WIN,0.629,0.7,TP1,0.0,0.0,"Breakout retest — 7d +20.59%, 24h +12.55% but Vol/MCap only 0.014, not triggering FOMO filter, reclaiming resistance",,2026-06-17 00:03,2026-06-17 08:51,,86.0
VVV_SHORT_2026-06-17_0921,VVV,SHORT,LOSS,15.6,16.4,SL,0.0,0.0,"LH/LL breakdown — 24h -9.51%, 7d -4.24%, RS failure vs BTC and dataset, Stage 4-5 exhaustion",,2026-06-17 00:03,2026-06-17 09:21,,89.0
XLM_LONG_2026-06-18_821,XLM,LONG,PARTIAL_WIN,0.2125,0.235,TP1,0.0,0.0,Stage 2 breakout retest — relative strength leader,,2026-06-17 02:04,2026-06-18 8:21,,87.0
CHZ_SHORT_2026-06-19_644,CHZ,SHORT,PARTIAL_WIN,0.0254,0.0224,TP1,0.0,0.0,Stage 4-5 distribution — Laggard with accelerating relative weakness,,2026-06-17 04:04,2026-06-19 6:44,,87.0
AERO_LONG_2026-06-17_2251,AERO,LONG,PARTIAL_WIN,0.4525,0.51,TP1,0.0,0.0,Bull flag compression — momentum expansion after 40% weekly move,,2026-06-17 06:04,2026-06-17 22:51,,89.0
SOL_LONG_2026-06-19_644,SOL,LONG,LOSS,73.15,70.2,SL,0.0,0.0,"Bull flag continuation — 13.49% 7d expansion, retest of breakout zone",,2026-06-17 10:04,2026-06-19 6:44,,89.0
INJ_SHORT_2026-06-19_1949,INJ,SHORT,PARTIAL_WIN,5.675,5.05,TP1,0.0,0.0,"LH/LL structure — RS failure vs BTC, -8.54% 24h, exhausted bounce",,2026-06-17 16:04,2026-06-19 19:49,,88.0
NEAR_SHORT_2026-06-19_1949,NEAR,SHORT,PARTIAL_WIN,2.385,2.1,TP1,0.0,0.0,"Breakdown retest — -8.50% 24h, failed reclaim, weak sector momentum",,2026-06-17 16:04,2026-06-19 19:49,,87.0
WLD_SHORT_2026-06-18_1321,WLD,SHORT,PARTIAL_WIN,0.7,0.62,TP1,0.0,0.0,"Dead-cat retest after +49% 7d pump — extreme FOMO exhaustion, Stage 4-5, funding +0.01%",,2026-06-18 2:04,2026-06-18 13:21,,87.0
HYPE_LONG_2026-06-19_1049,HYPE,LONG,LOSS,71.25,66.8,SL,0.0,0.0,"Bull flag continuation — negative funding, strong relative strength",,2026-06-18 4:04,2026-06-19 10:49,,89.0
XLM_LONG_2026-06-18_851,XLM,LONG,PARTIAL_WIN,0.2215,0.24,TP1,0.0,0.0,Stage 2 expansion retest — breakout consolidation,,2026-06-18 4:04,2026-06-18 8:51,,87.0
HBAR_LONG_2026-06-18_1121,HBAR,LONG,LOSS,0.0795,0.08,SL,0.0,0.0,"HH/HL structure intact — 7d +5.10%, holding above key support, low Vol/MCap 0.001 = institutional accumulation, low funding +0.007%",,2026-06-18 6:04,2026-06-18 11:21,,86.0
CRV_SHORT_2026-06-20_2119,CRV,SHORT,PARTIAL_WIN,0.2415,0.21,TP1,0.0,0.0,"Relative weakness — -6.32% 24h vs market, Vol/MCap 0.055 elevated, positive funding +0.010% = longs trapped, LH structure forming on retest",,2026-06-18 6:04,2026-06-20 21:19,,86.0
XLM_LONG_2026-06-19_1149,XLM,LONG,LOSS,0.2325,0.22,SL,0.0,0.0,"Stage 2 breakout retest — 7d +28.49% momentum, negative funding, prior TP1 wins",,2026-06-18 23:14,2026-06-19 11:49,,88.0
H_LONG_2026-06-19_1649,H,LONG,LOSS,0.2215,0.2,SL,0.0,0.0,"Stage 2 expansion retest — 7d +42.97%, 24h pullback from high creating retest zone, strong momentum base",,2026-06-18 23:14,2026-06-19 16:49,,86.0
XLM_LONG_2026-06-19_1149,XLM,LONG,LOSS,0.232,0.22,SL,0.0,0.0,"Stage 2 breakout retest — 7d +22.62%, holding HH/HL structure",,2026-06-19 6:43,2026-06-19 11:49,,91.0
AERO_LONG_2026-06-19_2249,AERO,LONG,PARTIAL_WIN,0.4375,0.47,TP1,0.0,0.0,"Bull flag continuation — 7d +25.79%, proven winner in graveyard",,2026-06-19 6:43,2026-06-19 22:49,,89.0
JTO_LONG_2026-06-19_819,JTO,LONG,PARTIAL_WIN,0.71,0.76,TP1,0.0,0.0,"Stage 2-3 expansion — 7d +34.71%, negative funding = squeeze fuel",,2026-06-19 6:43,2026-06-19 8:19,,86.0
CRV_SHORT_2026-06-20_2119,CRV,SHORT,PARTIAL_WIN,0.232,0.21,TP1,0.0,0.0,"Structural breakdown — 7d -12.34%, DeFi sector weakness, LH/LL confirmed, negative funding -0.0172%",,2026-06-19 8:08,2026-06-20 21:19,,86.0
JUP_LONG_2026-06-21_549,JUP,LONG,PARTIAL_WIN,0.1895,0.21,TP1,0.0,0.0,"Stage 2 breakout retest — 7d +20.12%, negative funding -0.0179%, strong RS",,2026-06-19 10:08,2026-06-21 5:49,,86.0
JTO_LONG_2026-06-20_249,JTO,LONG,PARTIAL_WIN,0.7025,0.76,TP1,0.0,0.0,"Stage 2-3 breakout retest — 7d +31.74%, negative funding squeeze",,2026-06-19 12:07,2026-06-20 2:49,,87.0
AVAX_SHORT_2026-06-20_219,AVAX,SHORT,PARTIAL_WIN,6.325,5.75,TP1,0.0,0.0,"Bear breakdown — 24h -8.07%, 7d -9.02%, LH/LL structure",,2026-06-19 12:07,2026-06-20 2:19,,90.0
AERO_LONG_2026-06-20_2219,AERO,LONG,PARTIAL_WIN,0.4625,0.5,TP1,0.0,0.0,"Bull flag continuation — 7d +32.15%, 24h +9.52%, retest after breakout, DeFi sector, positive momentum expansion",,2026-06-20 0:08,2026-06-20 22:19,,86.0
CHZ_SHORT_2026-06-20_019,CHZ,SHORT,LOSS,0.0227,0.02,SL,0.0,0.0,"LH/LL breakdown — 7d -18.49%, 24h -2.37%, laggard with no base, Gaming/NFT sector structural weakness",,2026-06-20 0:08,2026-06-20 0:19,,88.0
CHZ_SHORT_2026-06-20_219,CHZ,SHORT,LOSS,0.0223,0.02,SL,0.0,0.0,"Stage 4-5 distribution — 7d -16.63%, LH/LL confirmed, prior short winner on this coin",,2026-06-20 2:08,2026-06-20 2:19,,87.0
XLM_SHORT_2026-06-22_1740,XLM,SHORT,PARTIAL_WIN,0.2315,0.21,TP1,0.0,0.0,"Dead-cat exhaustion — 24h -8.36% crash after 7d +15.41% pump, 4x SL graveyard coin — reduced sizing",,2026-06-20 4:08,2026-06-22 17:40,,88.0
LUNC_SHORT_2026-06-20_619,LUNC,SHORT,LOSS,0.0000705,0,SL,0.0,0.0,"LH/LL cascade — 7d -9.88%, 24h -4.06%, dead structure",,2026-06-20 6:02,2026-06-20 6:19,,86.0
CHZ_SHORT_2026-06-20_619,CHZ,SHORT,LOSS,0.0224,0.02,SL,0.0,0.0,"LH/LL breakdown — 17.28% 7d decline, Stage 5 distribution, persistent weakness",,2026-06-20 6:06,2026-06-20 6:19,,87.0
CHZ_SHORT_2026-06-20_819,CHZ,SHORT,LOSS,0.0224,0.02,SL,0.0,0.0,"LH/LL cascade continuation — 7d -16.08%, persistent structural weakness",,2026-06-20 8:06,2026-06-20 8:19,,87.0
ALGO_LONG_2026-06-22_610,ALGO,LONG,LOSS,0.0925,0.09,SL,0.0,0.0,"Stage 2 breakout retest — 7d +8.58%, deeply negative funding -0.0341%",,2026-06-20 12:06,2026-06-22 6:10,,87.0
JUP_LONG_2026-06-21_549,JUP,LONG,PARTIAL_WIN,0.1915,0.21,TP1,0.0,0.0,"Bull flag continuation — negative funding -0.0075%, 13.70% 7d strength",,2026-06-20 20:06,2026-06-21 5:49,,90.0
EIGEN_LONG_2026-06-21_1449,EIGEN,LONG,PARTIAL_WIN,0.25,0.27,TP1,0.0,0.0,"Stage 2 breakout — 7d +35%, pullback into retest zone",,2026-06-20 22:06,2026-06-21 14:49,,88.0
AERO_LONG_2026-06-21_419,AERO,LONG,PARTIAL_WIN,0.5,0.55,TP1,0.0,0.0,"Bull flag retest — Stage 3 expansion, 7d +42.73%",,2026-06-20 22:42,2026-06-21 4:19,,91.0
JTO_SHORT_2026-06-22_710,JTO,SHORT,PARTIAL_WIN,0.7325,0.65,TP1,0.0,0.0,"Dead cat retest — 7d +24.14% but 24h -6.85%, momentum exhaustion",,2026-06-20 22:42,2026-06-22 7:10,,88.0
TIA_LONG_2026-06-22_2019,TIA,LONG,PARTIAL_WIN,0.365,0.4,TP1,0.0,0.0,7d +10.49% breakout retest — compression resolve long,,2026-06-20 22:57,2026-06-22 20:19,,85.0
ONDO_SHORT_2026-06-23_1240,ONDO,SHORT,PARTIAL_WIN,0.355,0.32,TP1,0.0,0.0,"Dead-cat retest — 7d -7.91%, 24h -3.13%, no momentum, RWA sector underperforming",,2026-06-20 22:57,2026-06-23 12:40,,87.0
INJ_SHORT_2026-06-23_1310,INJ,SHORT,PARTIAL_WIN,5.15,4.62,TP1,0.0,0.0,"LH/LL breakdown — -5.07% 7d, failed recovery, bear expansion",,2026-06-20 22:57,2026-06-23 13:10,,86.0
PENDLE_LONG_2026-06-21_1149,PENDLE,LONG,PARTIAL_WIN,1.355,1.48,TP1,0.0,0.0,"RWA/Staking accumulation — 7d +4.16%, positive funding controlled, low Vol/MCap, support retest",,2026-06-21 0:08,2026-06-21 11:49,,87.0
TRUMP_SHORT_2026-06-22_819,TRUMP,SHORT,LOSS,1.84,1.94,SL,0.0,0.0,"Meme coin distribution — 7d -18.10%, extreme negative funding -0.0463% (short squeeze risk managed), LH/LL structure confirmed",,2026-06-21 0:08,2026-06-22 8:19,,91.0
EIGEN_LONG_2026-06-21_1449,EIGEN,LONG,PARTIAL_WIN,0.2385,0.27,TP1,0.0,0.0,"Stage 2 breakout retest — 7d +31.78%, negative funding pullback, RWA/Staking sector momentum",,2026-06-21 4:09,2026-06-21 14:49,,88.0
ONDO_SHORT_2026-06-23_1240,ONDO,SHORT,PARTIAL_WIN,0.352,0.32,TP1,0.0,0.0,"Breakdown continuation — -3.10% 24h, -7.38% 7d, LH/LL cascade, negative funding -0.002% divergence, RWA sector weakness",,2026-06-21 4:09,2026-06-23 12:40,,92.0
JTO_SHORT_2026-06-22_1140,JTO,SHORT,PARTIAL_WIN,0.7375,0.64,TP1,0.0,0.0,"Dead-cat retest after 15% dump — 7d +26.21% exhausted, negative funding insufficient to hold, graveyard repeat loss pattern +5% penalty applied but score still clears bar",,2026-06-21 4:09,2026-06-22 11:40,,91.0
H_SHORT_2026-06-21_1819,H,SHORT,PARTIAL_WIN,0.2215,0.19,TP1,0.0,0.0,"Stage 5 distribution collapse — 7d -20.37%, 24h -12.64%, extreme negative funding -0.0343% short squeeze risk noted but structural breakdown dominant",,2026-06-21 4:09,2026-06-21 18:19,,91.0
MORPHO_SHORT_2026-06-23_2140,MORPHO,SHORT,PARTIAL_WIN,1.875,1.67,TP1,0.0,0.0,"Breakdown continuation — 24h -5.75%, 7d -6.74%, DeFi weakness, LH/LL structure",,2026-06-21 6:08,2026-06-23 21:40,,92.0
TIA_LONG_2026-06-22_2019,TIA,LONG,PARTIAL_WIN,0.368,0.4,TP1,0.0,0.0,"Stage 2 expansion — +8.40% 7d, negative funding -0.0158% = squeeze fuel, low vol/mcap, clean HH/HL structure",,2026-06-21 8:08,2026-06-22 20:19,,88.0
XLM_LONG_2026-06-23_849,XLM,LONG,LOSS,0.2115,0.2,SL,0.0,0.0,"Stage 2 expansion continuation — +14.17% 7d momentum intact, positive funding, institutional interest",,2026-06-21 10:07,2026-06-23 8:49,,89.0
AXS_LONG_2026-06-22_710,AXS,LONG,LOSS,1.1225,1.05,SL,0.0,0.0,"Stage 2 breakout retest — 7d +22.58%, deeply negative funding -0.2815% (extreme short squeeze fuel), gaming sector outlier",,2026-06-21 10:07,2026-06-22 7:10,,91.0
SAND_LONG_2026-06-21_1019,SAND,LONG,PARTIAL_WIN,0.05575,0.06,TP1,0.0,0.0,"Stage 2 expansion retest — 7d +16.03%, negative funding -0.1042%, gaming/NFT sector strength, ANTI-FOMO: 14.27% 24h gain but entry is pullback zone",,2026-06-21 10:07,2026-06-21 10:19,,90.0
PENDLE_LONG_2026-06-23_1310,PENDLE,LONG,LOSS,1.44,1.34,SL,0.0,0.0,"RWA/Staking breakout continuation — 7d +11.86%, 24h +7.47%, recent TP1 WIN pattern repeat, positive funding controlled",,2026-06-21 12:07,2026-06-23 13:10,,90.0
VVV_SHORT_2026-06-22_1940,VVV,SHORT,LOSS,15,15.9,SL,0.0,0.0,"Stage 4-5 distribution — 7d -12.94%, extreme negative funding -0.0956% (highest in dataset), dead-cat bounce rejection, confirmed institutional exit",,2026-06-21 12:07,2026-06-22 19:40,,95.0
NEAR_LONG_2026-06-23_819,NEAR,LONG,LOSS,2.21,2.05,SL,0.0,0.0,"Stage 2-3 breakout expansion — 7d +6.74%, 24h +5.45%, positive momentum, negative funding on ETH ecosystem boosts relative strength",,2026-06-21 16:08,2026-06-23 8:19,,91.0
JTO_LONG_2026-06-22_540,JTO,LONG,LOSS,0.71,0.66,SL,0.0,0.0,"Stage 3 expansion continuation — 7d +31.80%, pullback retest zone, SOL ecosystem strength, proven graveyard winner x2",,2026-06-21 16:08,2026-06-22 5:40,,90.0
EIGEN_LONG_2026-06-22_840,EIGEN,LONG,PARTIAL_WIN,0.255,0.29,TP1,0.0,0.0,"Stage 2-3 expansion retest — 7d +38.63%, pullback into breakout zone, negative OI divergence",,2026-06-21 16:08,2026-06-22 8:40,,91.0
H_SHORT_2026-06-22_010,H,SHORT,PARTIAL_WIN,0.2025,0.18,TP1,0.0,0.0,"Stage 5 distribution collapse — 7d -70.06%, 24h -13.27%, dead-cat bounce entry ONLY, structural breakdown confirmed, extreme negative funding -0.1306%",,2026-06-21 20:09,2026-06-22 0:10,,95.0
SOL_LONG_2026-06-23_1519,SOL,LONG,LOSS,73,68.9,SL,0.0,0.0,"Stage 2-3 expansion retest — strongest L1 RS in dataset +10.18% 7d, negative funding -0.0100% = squeeze fuel, high OI $563M rising",,2026-06-22 0:10,2026-06-23 15:19,,88.0
JUP_LONG_2026-06-23_1540,JUP,LONG,LOSS,0.213,0.2,SL,0.0,0.0,"Stage 2 breakout retest — 7d +33.58% momentum, 24h +8.74% with retest entry below 24h high, positive OI confirmation",,2026-06-22 0:10,2026-06-23 15:40,,86.0
LTC_LONG_2026-06-24_1110,LTC,LONG,LOSS,44.8,41.8,SL,0.0,0.0,"Continuation breakout — 7d +2.82% steady, 24h +2.46%, negative funding -0.0026%, low Vol/MCap 0.001 healthy, Stage 2",,2026-06-22 0:10,2026-06-24 11:10,,85.0
EIGEN_LONG_2026-06-22_910,EIGEN,LONG,PARTIAL_WIN,0.263,0.3,TP1,0.0,0.0,Stage 2-3 expansion retest — 7d +43% breakout with healthy pullback entry,,2026-06-22 0:10,2026-06-22 9:10,,88.0
WIF_LONG_2026-06-22_2040,WIF,LONG,PARTIAL_WIN,0.1605,0.17,TP1,0.0,0.0,"Bull flag retest — negative funding (-0.005%) supports squeeze, 7d +6.31%",,2026-06-22 0:10,2026-06-22 20:40,,86.0
COMP_LONG_2026-06-24_1140,COMP,LONG,LOSS,17.8,16.8,SL,0.0,0.0,"Momentum continuation — 7d +5.08%, healthy vol/mcap, support reclaim",,2026-06-22 0:10,2026-06-24 11:40,7e1a6ecc-fd5b-4888-833e-01f2da5439c1,85.0
H_SHORT_2026-06-22_019,H,SHORT,PARTIAL_WIN,0.2,0.19,TP1,0.0,0.0,"Stage 5 distribution collapse — 24h -13.29%, 7d -40.69%, dead-cat bounce entry at resistance, proven 75% SHORT WR coin, declining volume on bounce",,2026-06-22 0:10,2026-06-22 0:19,,93.0
CRV_SHORT_2026-06-24_1019,CRV,SHORT,PARTIAL_WIN,0.216,0.2,TP1,0.0,0.0,"Stage 5 distribution — 7d -9.76% structural breakdown, failed retest of broken support, high Vol/MCap 0.011, negative funding -0.0063% = weak longs capitulating",,2026-06-22 0:10,2026-06-24 10:19,,93.0
FF_SHORT_2026-06-22_019,FF,SHORT,FULL_WIN,0.102,0.08,TP3,0.0,0.0,"Stage 4-5 exhaustion — proven 100% SHORT WR coin, recovery mode approved, structural weakness confirmed",,2026-06-22 0:10,2026-06-22 0:19,,93.0
H_SHORT_2026-06-22_210,H,SHORT,PARTIAL_WIN,0.2025,0.19,TP1,0.0,0.0,"Stage 5 distribution collapse — -41.14% 7d, -11.74% 24h, dead-cat bounce entry on any relief rally to resistance zone $0.195-$0.210, proven 75% SHORT WR recovery coin, structural breakdown confirmed",,2026-06-22 2:04,2026-06-22 2:10,,95.0
ATOM_SHORT_2026-06-24_1540,ATOM,SHORT,PARTIAL_WIN,1.81,1.69,TP1,0.0,0.0,"Stage 4-5 distribution — -9.95% 7d, -1.12% 24h, no momentum recovery, lagging all peers, LH/LL structure, dead-cat bounce from $1.81 high, funding +0.0100% (longs getting squeezed confirms trapped longs)",,2026-06-22 2:04,2026-06-24 15:40,,93.0
FF_SHORT_2026-06-22_2219,FF,SHORT,PARTIAL_WIN,0.0729,0.07,TP1,0.0,0.0,"Stage 4-5 distribution — flat momentum, 100% SHORT WR coin, resistance rejection",,2026-06-22 2:04,2026-06-22 22:19,,93.0
AXS_SHORT_2026-06-22_410,AXS,SHORT,PARTIAL_WIN,1.14,1.07,TP1,0.0,0.0,"Exhaustion reversal — -6.92% 24h sharp drop from $1.278 high, failed pump, dead-cat bounce short entry",,2026-06-22 2:04,2026-06-22 4:10,,93.0
PENDLE_LONG_2026-06-23_1519,PENDLE,LONG,LOSS,1.41,1.31,SL,0.0,0.0,"Momentum continuation — +8.52% 7d, +4.36% 24h, RWA/Staking sector rotation, clean structure",,2026-06-22 4:08,2026-06-23 15:19,34b225fa-8cc3-4df6-87f1-ec7360e3071c,85.0
H_SHORT_2026-06-22_610,H,SHORT,PARTIAL_WIN,0.204,0.19,TP1,0.0,0.0,"Stage 5 distribution — -43.58% 7d catastrophic breakdown, dead-cat bounce entry, -1.21% funding extreme short pressure, proven 75% SHORT WR",,2026-06-22 4:08,2026-06-22 6:10,,93.0
WLD_LONG_2026-06-23_1740,WLD,LONG,LOSS,0.605,0.56,SL,0.0,0.0,"Breakout continuation — +17.17% 7d, +3.96% 24h, negative funding -0.0069% (squeeze setup), 3W/0L historical WR — proven winner",,2026-06-22 8:08,2026-06-23 17:40,b68d987c-1272-4364-a1e4-09bf4e7f094a,86.0
TIA_LONG_2026-06-22_1840,TIA,LONG,PARTIAL_WIN,0.3625,0.39,TP1,0.0,0.0,"Stage 2 breakout retest — +5.54% 7d, positive momentum, low Vol/MCap 0.002, coiling structure",,2026-06-22 8:08,2026-06-22 18:40,,85.0
H_SHORT_2026-06-22_1140,H,SHORT,PARTIAL_WIN,0.2,0.18,TP1,0.0,0.0,"Dead-cat bounce short — 7d -63.94%, massive structural collapse, bounce into resistance zone, 75% historical WR",,2026-06-22 10:05,2026-06-22 11:40,,95.0
EIGEN_LONG_2026-06-23_1319,EIGEN,LONG,LOSS,0.281,0.26,SL,0.0,0.0,"Stage 2-3 expansion retest — 7d +43.35% momentum, negative-neutral funding, accumulation base reclaim",,2026-06-22 12:08,2026-06-23 13:19,,87.0
XLM_LONG_2026-06-24_1810,XLM,LONG,LOSS,0.204,0.19,SL,0.0,0.0,"Stage 2 breakout retest — 7d +11.72%, strongest L1 alt RS in dataset vs BTC, negative funding (-0.0208%) = crowded shorts ready to squeeze",,2026-06-22 14:04,2026-06-24 18:10,,86.0
AERO_LONG_2026-06-23_1019,AERO,LONG,PARTIAL_WIN,0.519,0.57,TP1,0.0,0.0,"Stage 3 expansion continuation — +35.06% 7d proven winner 3W/0L, negative funding (-0.0200%) extreme short squeeze fuel",,2026-06-22 16:08,2026-06-23 10:19,66f987f5-910a-4a0a-b6c0-eae165b4cd69,87.0
TIA_LONG_2026-06-25_010,TIA,LONG,LOSS,0.385,0.35,SL,0.0,0.0,"Momentum breakout — 7d +8.35%, 24h +5.65%, negative funding (-0.0252%) = crowded shorts, squeeze setup",,2026-06-22 20:09,2026-06-25 0:10,dad0fc01-2827-4327-bde1-94212a891d19,88.0
SPX_LONG_2026-06-23_1740,SPX,LONG,LOSS,0.366,0.34,SL,0.0,0.0,"7d +10.32% meme momentum — HH/HL structure intact, Stage 2-3, positive sentiment divergence from Extreme Fear",,2026-06-22 20:09,2026-06-23 17:40,2600979b-e5c7-439a-8a58-d130bf6c6faa,86.0
ATOM_LONG_2026-06-25_010,ATOM,LONG,LOSS,1.78,1.63,SL,0.0,0.0,"Stage 2 retest — 2.71% 24h RS vs BTC, deeply negative funding (-0.0075%) = short squeeze fuel, L1 oversold bounce",,2026-06-22 22:03,2026-06-25 0:10,18d7232f-cf43-453a-8de6-af1410b182a9,88.0
ARB_LONG_2026-06-23_1340,ARB,LONG,LOSS,0.0835,0.08,SL,0.0,0.0,"Stage 2 retest — negative funding (-0.0091%), 1.66% 24h recovery, L2 support reclaim, short-heavy positioning = squeeze setup",,2026-06-22 22:03,2026-06-23 13:40,7b185803-516e-4f6a-b5f5-6e8cbfeb6b20,87.0
WIF_LONG_2026-06-24_2049,WIF,LONG,LOSS,0.1625,0.15,SL,0.0,0.0,"Meme sector retest — 24h +3.91% RS, 7d -1.80% healthy pullback, negative OI divergence",,2026-06-22 22:03,2026-06-24 20:49,be3f447e-f277-4204-a41e-06fa23c6d678,86.0
QNT_LONG_2026-06-25_2049,QNT,LONG,LOSS,70.5,66.2,SL,0.0,0.0,"Range breakout setup — +0.88% 7d holding structure, negative funding (-0.0213%) extreme = heavy short positioning = squeeze fuel, infrastructure sector diversification",,2026-06-22 22:08,2026-06-25 20:49,,86.0
JTO_SHORT_2026-06-22_2249,JTO,SHORT,PARTIAL_WIN,0.685,0.64,TP1,0.0,0.0,"Stage 4-5 distribution — -6.43% 24h dead-cat rejection, 3 consecutive SL losses confirm weak structure, Vol/MCap elevated 0.006, failed retest of breakdown level",,2026-06-22 22:08,2026-06-22 22:49,dc2f5082-2441-4fa0-a5f6-3226f6cec736,95.0
JUP_SHORT_2026-06-22_2210,JUP,SHORT,PARTIAL_WIN,0.222,0.21,TP1,0.0,0.0,"Stage 4 exhaustion — -6.22% 24h sharp rejection from 7d high, +7.10% 7d now reversing, positive funding +0.0050% longs trapped, LH/LL forming",,2026-06-22 22:08,2026-06-22 22:10,,95.0
AERO_LONG_2026-06-24_2249,AERO,LONG,LOSS,0.5225,0.49,SL,0.0,0.0,"Stage 2-3 expansion — 7d +27.11% outperforming ALL alts, negative funding -0.0576% (extreme short squeeze fuel), rising OI $16.5M, Vol/MCap 0.013 healthy, strongest relative strength in dataset",,2026-06-23 0:08,2026-06-24 22:49,,92.0
TIA_LONG_2026-06-25_010,TIA,LONG,LOSS,0.3785,0.35,SL,0.0,0.0,"Stage 2 breakout — 7d +6.96% + 24h +10.02% momentum surge, healthy volume, pullback entry into breakout base",,2026-06-23 0:08,2026-06-25 0:10,,89.0
EIGEN_LONG_2026-06-23_1319,EIGEN,LONG,LOSS,0.285,0.26,SL,0.0,0.0,"Stage 2-3 breakout retest — +33.39% 7d momentum, negative funding -0.0272%, rising OI, clear outperformer vs BTC",,2026-06-23 0:08,2026-06-23 13:19,,91.0
WIF_LONG_2026-06-24_2049,WIF,LONG,LOSS,0.1645,0.15,SL,0.0,0.0,"Meme sector compression — mild -2.83% 7d pullback, moderate Vol/MCap 0.006, healthy liquidity structure, extreme fear accumulation zone",,2026-06-23 0:08,2026-06-24 20:49,,86.0
COMP_LONG_2026-06-24_149,COMP,LONG,LOSS,18,16.9,SL,0.0,0.0,"DeFi range hold — flat 7d -0.96%, no capitulation, low Vol/MCap 0.000 = institutional accumulation quietly, range reclaim setup",,2026-06-23 0:08,2026-06-24 1:49,,85.0
JTO_SHORT_2026-06-23_1419,JTO,SHORT,PARTIAL_WIN,0.6825,0.64,TP1,0.0,0.0,"Stage 4-5 distribution — 7d -17.59%, 24h -6.15%, 3 consecutive SL losses confirm chronic weakness, dead-cat bounce rejection at resistance, negative funding not enough to save broken structure, OI declining",,2026-06-23 0:08,2026-06-23 14:19,,95.0
XPL_LONG_2026-06-24_119,XPL,LONG,PARTIAL_WIN,0.0845,0.09,TP1,0.0,0.0,Healthy vol/mcap ratio (0.044) + support zone retest + institutional-grade liquidity vs peers in batch,,2026-06-23 2:04,2026-06-24 1:19,,85.0
H_SHORT_2026-06-23_210,H,SHORT,PARTIAL_WIN,0.192,0.15,TP2,0.0,0.0,"Stage 5 catastrophic distribution — 24h -26.36%, 7d -46.20%, dead-cat bounce rejection at broken support, high-volume capitulation with declining OI — SHORT RECOVERY COIN",,2026-06-23 2:04,2026-06-23 2:10,,95.0
AAVE_LONG_2026-06-25_610,AAVE,LONG,PARTIAL_WIN,74.2,79.5,TP1,0.0,0.0,"7d +0.77% outperformer vs sector, negative funding -0.0055%, strong relative strength in DeFi",,2026-06-23 6:03,2026-06-25 6:10,,87.0
WLD_LONG_2026-06-23_1610,WLD,LONG,LOSS,0.61455,0.57,SL,0.0,0.0,"7d +3.35% positive momentum, negative funding -0.0103%, 3W/0L historical win rate, pullback entry",,2026-06-23 6:03,2026-06-23 16:10,,86.0
STRK_LONG_2026-06-25_049,STRK,LONG,LOSS,0.03235,0.03,SL,0.0,0.0,"Oversold L2 support hold — negative funding -0.0147%, mean-reversion range setup",,2026-06-23 6:08,2026-06-25 0:49,,85.0
PENDLE_SHORT_2026-06-23_1340,PENDLE,SHORT,PARTIAL_WIN,1.41,1.33,TP1,0.0,0.0,"Stage 4-5 distribution — 24h -4.64%, funding deeply negative -0.0247% exhausted, dead-cat bounce rejection zone, Vol/MCap elevated, structural breakdown confirmed",,2026-06-23 6:08,2026-06-23 13:40,,95.0
JUP_LONG_2026-06-25_1249,JUP,LONG,PARTIAL_WIN,0.2065,0.23,TP1,0.0,0.0,"Stage 2-3 continuation — 7d +9.94%, negative funding -0.0071%, graveyard 2W/0L LONG, bull flag retest near demand zone",,2026-06-23 8:09,2026-06-25 12:49,,90.0
ENA_LONG_2026-06-25_049,ENA,LONG,LOSS,0.089,0.08,SL,0.0,0.0,"Stage 2 expansion — 7d +6.97%, negative funding -0.0041%, extreme oversold bounce setup, accumulation near demand, note: LONG ONLY (SHORT permanently banned)",,2026-06-23 8:09,2026-06-25 0:49,,87.0
H_SHORT_2026-06-23_1119,H,SHORT,LOSS,0.1215,0.13,SL,0.0,0.0,"Stage 5 catastrophic distribution — 24h -36.38%, 7d -53.90%, graveyard 5W/0L (100% SHORT WR), dead-cat bounce short, OI $9.4M still active, controlled bleed exception applies",,2026-06-23 8:09,2026-06-23 11:19,,96.0
CRV_SHORT_2026-06-24_1019,CRV,SHORT,PARTIAL_WIN,0.215,0.2,TP1,0.0,0.0,"Stage 5 distribution — 7d -14.33%, positive funding +0.0100% (longs paying = bearish), lower highs forming, Vol/MCap elevated at 0.017, resistance rejection at $0.214 level",,2026-06-23 8:09,2026-06-24 10:19,,95.0
TWT_LONG_2026-06-25_040,TWT,LONG,LOSS,0.369,0.34,SL,0.0,0.0,"Deep oversold support reclaim — 7d -10.18% creates extreme negative funding (-0.0695%), short-heavy positioning = squeeze setup, infrastructure sector diversification",,2026-06-23 10:04,2026-06-25 0:40,,86.0
NEAR_SHORT_2026-06-24_1810,NEAR,SHORT,PARTIAL_WIN,2.11,1.94,TP1,0.0,0.0,"Stage 4-5 distribution — -5.50% 24h sharp rejection, -15.36% 7d structural breakdown, positive funding +0.0072% longs still trapped, OI $73.8M elevated = large long liquidation risk, failed bounce below prior support, 7d loss NOT below -20% threshold so SHORT OVERSOLD REJECT does not apply",,2026-06-23 10:04,2026-06-24 18:10,,95.0
H_SHORT_2026-06-23_2349,H,SHORT,PARTIAL_WIN,0.1215,0.11,TP1,0.0,0.0,"Stage 5 catastrophic distribution — -26.37% 24h, -47.46% 7d, proven 4W/1L SHORT WR in graveyard, dead-cat bounce short, positive funding (+0.0013%) longs trapped, $214M mcap qualifies, controlled bleed exception applies (declining structure not one-day dump)",,2026-06-23 16:08,2026-06-23 23:49,,96.0
PENDLE_SHORT_2026-06-24_2049,PENDLE,SHORT,PARTIAL_WIN,1.355,1.25,TP1,0.0,0.0,"Stage 4-5 distribution — -8.53% 24h, -7.52% 7d, 1W/0L SHORT WR in graveyard, negative funding (-0.0109%) provides cover, $222M mcap qualifies, 1W/2L LONG history = confirmed bearish bias, structural breakdown with volume confirmation on bounce rejection",,2026-06-23 16:08,2026-06-24 20:49,,95.0
EIGEN_LONG_2026-06-24_2340,EIGEN,LONG,LOSS,0.2515,0.23,SL,0.0,0.0,"Stage 2-3 expansion deep retest — +14.40% 7d strength vs broad weakness, negative funding -0.0203%, OI $9.6M, Extreme Fear capitulation dip entry",,2026-06-23 20:10,2026-06-24 23:40,,91.0
STRK_SHORT_2026-06-25_049,STRK,SHORT,FULL_WIN,0.03365,0.03,TP3,0.0,0.0,"Stage 5 distribution — -13.09% 7d, -8.24% 24h continued sell pressure, failed bounce at broken support, L2 sector weakness confirmed",,2026-06-23 20:10,2026-06-25 0:49,,95.0
LDO_SHORT_2026-06-26_919,LDO,SHORT,PARTIAL_WIN,0.264,0.24,TP1,0.0,0.0,"Stage 5 distribution — -8.95% 24h, -8.24% 7d continued bleed, positive funding +0.0100% longs trapped, DeFi/staking sector rotation out, dead-cat rejection at $0.282 high",,2026-06-23 20:10,2026-06-26 9:19,,95.0
QNT_LONG_2026-06-26_610,QNT,LONG,LOSS,69.75,65,SL,0.0,0.0,"Stage 2-3 outlier — only -1.23% 7d in broad selloff, low Vol/MCap 0.000 indicating no panic selling, infrastructure sector stability vs dataset",,2026-06-23 22:05,2026-06-26 6:10,,87.0
QNT_LONG_2026-06-26_649,QNT,LONG,LOSS,69.5,64.8,SL,0.0,0.0,"Extreme relative strength — only -1.24% 7d vs market -8%+, strong negative funding -0.0337%, low Vol/MCap institutional accumulation pattern, Stage 2 structure intact",,2026-06-24 0:09,2026-06-26 6:49,,90.0
JUP_LONG_2026-06-24_1910,JUP,LONG,PARTIAL_WIN,0.2025,0.22,TP1,0.0,0.0,"Stage 2 — +7.31% 7d outperformer in bear market, positive funding +0.0050% manageable, reclaim of range support, JUP 50% LONG WR but 7d strength is notable",,2026-06-24 0:09,2026-06-24 19:10,,89.0
AERO_LONG_2026-06-25_2149,AERO,LONG,LOSS,0.509,0.47,SL,0.0,0.0,"AERO 100% LONG WR (3W/0L) — Stage 2-3, +4.96% 7d outperformer, DeFi sector, negative funding expected on dip, support reclaim zone",,2026-06-24 0:09,2026-06-25 21:49,,88.0
EIGEN_LONG_2026-06-24_2340,EIGEN,LONG,LOSS,0.255,0.23,SL,0.0,0.0,"Stage 2-3 retest — 7d +18.53% RS leader, negative funding -0.0114%, extreme fear accumulation zone",,2026-06-24 0:09,2026-06-24 23:40,,90.0
WIF_LONG_2026-06-26_219,WIF,LONG,LOSS,0.1535,0.14,SL,0.0,0.0,"Stage 1-2 accumulation — negative funding -0.0023%, meme sector fear bottom, HH structure intact on weekly",,2026-06-24 0:09,2026-06-26 2:19,,86.0
COMP_LONG_2026-06-25_1740,COMP,LONG,LOSS,16.9,15.85,SL,0.0,0.0,"Stage 2 support test — negative funding -0.0255%, DeFi sector capitulation zone, low Vol/MCap = institutional accumulation",,2026-06-24 0:09,2026-06-25 17:40,,85.0
ONDO_SHORT_2026-06-24_2049,ONDO,SHORT,PARTIAL_WIN,0.322,0.3,TP1,0.0,0.0,"Stage 4-5 distribution — -16.50% 7d -7.01% 24h, RWA sector breakdown, failed support retest, positive funding +0.0050% longs trapped, fresh breakdown not yet capitulated",,2026-06-24 0:09,2026-06-24 20:49,,95.0
H_SHORT_2026-06-24_140,H,SHORT,PARTIAL_WIN,0.112,0.1,TP1,0.0,0.0,"Stage 5 catastrophic distribution — 24h -21.32%, 7d -53.70%, dead-cat bounce entry ONLY after stabilisation, multiple prior TP hits confirm bleed structure, positive funding +0.0205% = longs trapped",,2026-06-24 0:09,2026-06-24 1:40,,95.0
STRK_SHORT_2026-06-25_049,STRK,SHORT,PARTIAL_WIN,0.0335,0.03,TP2,0.0,0.0,"Stage 5 breakdown — 24h -6.27%, 7d -10.50%, L2 sector weakness, positive funding +0.005%, structural lower-highs confirmed, near 24h low rejection",,2026-06-24 0:09,2026-06-25 0:49,,95.0
ENS_SHORT_2026-06-25_2049,ENS,SHORT,PARTIAL_WIN,4.58,4.12,TP1,0.0,0.0,"Stage 4-5 distribution — 7d -18.24% structural breakdown, 24h -6.51% continuation, positive funding +0.010% (longs still in, squeeze exhausting), BTC.D headwind accelerating, dead-cat bounce entry at intraday high zone",,2026-06-24 2:03,2026-06-25 20:49,,95.0
XPL_LONG_2026-06-24_410,XPL,LONG,PARTIAL_WIN,0.0853,0.09,TP1,0.0,0.0,"Positive 24h momentum (+4.86%) in bear session, prior TP1 WIN in graveyard, elevated vol/mcap (0.052) shows genuine participation, entry near 24h low support zone, infrastructure sector diversification",,2026-06-24 4:08,2026-06-24 4:10,,86.0
LIT_SHORT_2026-06-26_2049,LIT,SHORT,LOSS,1.605,1.71,SL,0.0,0.0,"Stage 4-5 exhaustion — -7.04% 24h, -14.38% 7d (borderline but not yet full capitulation), elevated vol/mcap (0.011), dead-cat bounce structure at resistance, positive funding (+0.0050%) = longs trapped, mcap $382M qualifies",,2026-06-24 4:08,2026-06-26 20:49,,95.0
H_SHORT_2026-06-24_1340,H,SHORT,PARTIAL_WIN,0.111,0.1,TP1,0.0,0.0,"Stage 5 catastrophic distribution — 24h -22.11%, 7d -63.70%, dead-cat bounce short into structural collapse",,2026-06-24 4:08,2026-06-24 13:40,,95.0
JTO_LONG_2026-06-24_1910,JTO,LONG,PARTIAL_WIN,0.6365,0.7,TP1,0.0,0.0,"Stage 2 bounce — negative funding -0.0198% (extreme short-heavy, squeeze fuel), +1.48% 24h outperforming BTC, prior SHORT wins confirm range knowledge",,2026-06-24 6:05,2026-06-24 19:10,,89.0
ETHFI_LONG_2026-06-25_049,ETHFI,LONG,LOSS,0.339,0.32,SL,0.0,0.0,"Stage 2 — +2.96% 24h outperforming BTC, +2.69% 7d positive when most alts negative, negative funding context, RWA/Staking sector",,2026-06-24 6:05,2026-06-25 0:49,,88.0
XPL_LONG_2026-06-26_319,XPL,LONG,PARTIAL_WIN,0.0845,0.1,TP2,0.0,0.0,"2W/0L historical WR — +5.47% 24h relative strength, prior TP1 hits confirmed, support reclaim above 7d low, small cap momentum",,2026-06-24 6:05,2026-06-26 3:19,,88.0
ENS_LONG_2026-06-26_919,ENS,LONG,LOSS,4.347,4.05,SL,0.0,0.0,"Stage 2 range low retest — negative funding -0.0035%, DeFi/infrastructure sector, -18.83% 7d oversold reclaim attempt, vol/mcap low (0.001) clean structure",,2026-06-24 6:05,2026-06-26 9:19,,85.0
PIEVERSE_LONG_2026-06-25_2119,PIEVERSE,LONG,LOSS,0.66,0.6,SL,0.0,0.0,"Stage 2 consolidation hold — +0.40% 24h positive vs dataset, -1.53% 7d mild pullback, gaming/NFT sector, low vol/mcap 0.002 clean accumulation structure",,2026-06-24 6:05,2026-06-25 21:19,,85.0
SPX_SHORT_2026-06-25_040,SPX,SHORT,PARTIAL_WIN,0.3585,0.32,TP1,0.0,0.0,"Stage 5 catastrophic distribution — 7d -28.19% controlled bleed (not capitulation spike), dead-cat bounce into broken support, no volume recovery",,2026-06-24 12:09,2026-06-25 0:40,,95.0
CRV_SHORT_2026-06-25_040,CRV,SHORT,PARTIAL_WIN,0.2085,0.19,TP1,0.0,0.0,"Stage 5 distribution — 7d -18.26% structural breakdown confirmed, proven SHORT winner in graveyard, negative funding (-0.0078%), dead-cat bounce into broken $0.212 support",,2026-06-24 12:09,2026-06-25 0:40,,95.0
H_SHORT_2026-06-24_1510,H,SHORT,PARTIAL_WIN,0.1065,0.1,TP1,0.0,0.0,"Stage 5 catastrophic distribution — 24h -15.68%, 7d -61.54%, dead-cat bounce short, proven SHORT coin (5W/1L graveyard), positive funding +0.0013% on collapsing price, high OI $9.1M = fuel for continuation down",,2026-06-24 14:04,2026-06-24 15:10,,96.0
ATOM_SHORT_2026-06-25_040,ATOM,SHORT,PARTIAL_WIN,1.735,1.62,TP1,0.0,0.0,"Stage 5 distribution — -14.43% 7d, -3.89% 24h accelerating, extreme negative funding -0.0315% (exhausted longs), OI $15.7M elevated on falling price = distribution confirmed, Layer 1 structural breakdown",,2026-06-24 16:08,2026-06-25 0:40,,95.0
H_SHORT_2026-06-24_1840,H,SHORT,PARTIAL_WIN,0.0975,0.08,TP1,0.0,0.0,"Stage 5 catastrophic distribution — 24h -19.41%, 7d -59.92%, dead-cat bounce entry, proven SHORT coin (5W/1L in graveyard), positive funding +0.0013% longs trapped",,2026-06-24 16:08,2026-06-24 18:40,,96.0
AAVE_LONG_2026-06-25_510,AAVE,LONG,PARTIAL_WIN,72.5,78.8,TP1,0.0,0.0,"DeFi RS leader — only -1.83% 7d vs broad -10% alts, negative funding -0.0047%, Stage 2-3 structure intact",,2026-06-24 18:04,2026-06-25 5:10,,90.0
JUP_LONG_2026-06-25_049,JUP,LONG,LOSS,0.2133,0.2,SL,0.0,0.0,"Stage 2 breakout — +6.93% 24h outperformer vs BTC in extreme fear, +12.49% 7d momentum, negative funding -0.0039%, rising OI, RS vs dataset dominant",,2026-06-24 22:04,2026-06-25 0:49,,92.0
AAVE_LONG_2026-06-25_910,AAVE,LONG,PARTIAL_WIN,74.65,81,TP1,0.0,0.0,"Stage 2 breakout — +5.09% 24h outperforming BTC by 9.27%, negative funding -0.0031%, rising OI $36M, extreme fear contrarian accumulation zone",,2026-06-25 2:04,2026-06-25 9:10,,92.0
JUP_LONG_2026-06-25_710,JUP,LONG,PARTIAL_WIN,0.20175,0.22,TP1,0.0,0.0,"Stage 2 recovery — +1.74% 24h outperforming BTC, +5.34% 7d positive, negative funding -0.001%, proven 50% WR graveyard coin, DeFi sector",,2026-06-25 2:04,2026-06-25 7:10,,91.0
ADA_LONG_2026-06-26_919,ADA,LONG,LOSS,0.145,0.14,SL,0.0,0.0,"Extreme Fear capitulation long — negative funding -0.0212% (extreme short-heavy), Stage 2 reclaim setup, 7d -11.31% oversold vs BTC, strong squeeze fuel",,2026-06-25 6:06,2026-06-26 9:19,,92.0
ENS_SHORT_2026-06-25_2119,ENS,SHORT,PARTIAL_WIN,4.395,4.1,TP1,0.0,0.0,"Stage 5 distribution — -19.18% 7d catastrophic structure loss, -2.68% 24h dead-cat bounce rejection near 24h high $4.462, positive funding +0.0032% (longs trapped), vol/mcap 0.001 (no buying interest), Infrastructure sector breakdown confirmed",,2026-06-25 8:08,2026-06-25 21:19,,95.0
AAVE_LONG_2026-06-26_1440,AAVE,LONG,PARTIAL_WIN,79.75,87.5,TP1,0.0,0.0,"Stage 2 expansion — +15.46% 24h RS leader vs entire dataset, DeFi sector outperformer, 3W/0L graveyard coin, ANTI-FOMO check: 24h gain 15.46% but Vol/MCap 0.006 (below 0.40 threshold) — passes filter. Negative retest entry zone set below current price for fill probability.",,2026-06-25 10:05,2026-06-26 14:40,,94.0
H_SHORT_2026-06-25_1010,H,SHORT,FULL_WIN,0.108,0.08,TP4,0.0,0.0,"Stage 5 catastrophic distribution — 4x consecutive SHORT wins in graveyard (100% WR). Chronic structural breakdown, declining volume on any bounce. Preferred recovery coin. BTC -2.9% 24h supports short conditions.",,2026-06-25 10:05,2026-06-25 10:10,,96.0
ATOM_SHORT_2026-06-25_2049,ATOM,SHORT,PARTIAL_WIN,1.7,1.59,TP1,0.0,0.0,"Stage 5 distribution — -4.31% 24h, -12.75% 7d, LH/LL confirmed, negative funding -0.0220% drying up (not squeeze fuel — distribution bleed pattern), previous SHORT WIN in graveyard at similar levels. Layer 1 sector. MCap $847M above $150M short threshold.",,2026-06-25 10:05,2026-06-25 20:49,,95.0
H_SHORT_2026-06-25_1210,H,SHORT,FULL_WIN,0.1075,0.08,TP3,0.0,0.0,"Stage 5 catastrophic distribution — 4x consecutive SHORT WIN coin, confirmed structural breakdown, Infrastructure sector, positive funding +0.0050% longs paying into weakness",,2026-06-25 12:09,2026-06-25 12:10,,96.0
H_SHORT_2026-06-25_1410,H,SHORT,FULL_WIN,0.0995,0.07,TP4,0.0,0.0,"Stage 5 catastrophic distribution — 4x proven SHORT WR 100% in graveyard, structural breakdown confirmed, declining OI, preferred SHORT recovery coin",,2026-06-25 14:05,2026-06-25 14:10,,96.0
H_SHORT_2026-06-25_1610,H,SHORT,FULL_WIN,0.097,0.06,TP4,0.0,0.0,"Stage 5 catastrophic distribution — proven 7/7 wins in graveyard, structural breakdown intact, extreme distribution pattern, preferred SHORT recovery coin",,2026-06-25 16:08,2026-06-25 16:10,,96.0
H_SHORT_2026-06-25_1810,H,SHORT,FULL_WIN,0.0975,0.07,TP3,0.0,0.0,"Stage 5 catastrophic distribution — 9x consecutive SHORT wins in graveyard, structural breakdown confirmed, preferred SHORT recovery coin",,2026-06-25 18:05,2026-06-25 18:10,,96.0
SPX_SHORT_2026-06-25_2049,SPX,SHORT,PARTIAL_WIN,0.3395,0.32,TP1,0.0,0.0,"Stage 5 distribution — -3.03% 24h, -18.15% 7d structural breakdown, previous TP1 WIN in graveyard, meme sector confirmed distribution, Vol/MCap 0.006 healthy for short",,2026-06-25 18:05,2026-06-25 20:49,,95.0
H_SHORT_2026-06-25_2010,H,SHORT,FULL_WIN,0.112,0.06,TP4,0.0,0.0,"Stage 5 catastrophic distribution — 13x consecutive SHORT wins on H, structural collapse ongoing, Vol/MCap elevated, no support structure, extreme fear environment favors continued flush",,2026-06-25 20:08,2026-06-25 20:10,,97.0
H_SHORT_2026-06-25_2210,H,SHORT,FULL_WIN,0.107,0.08,TP3,0.0,0.0,"Stage 5 catastrophic distribution — 7x consecutive SHORT wins in graveyard, proven #1 short coin, dead cat bounce rejection, declining volume on bounces, structural breakdown confirmed",,2026-06-25 22:07,2026-06-25 22:10,,97.0
SPX_SHORT_2026-06-26_919,SPX,SHORT,PARTIAL_WIN,0.336,0.31,TP1,0.0,0.0,"Stage 5 distribution — 2W/0L in graveyard, -17.99% 7d structural breakdown, meme narrative collapse, dead cat bounce entry at resistance, BTC -2.76% 24h confirms bear pressure",,2026-06-25 22:07,2026-06-26 9:19,,96.0
AAVE_LONG_2026-06-26_1440,AAVE,LONG,PARTIAL_WIN,80,87.5,TP1,0.0,0.0,"Stage 2-3 expansion — +6.92% 24h, +12.68% 7d, DeFi RS leader, 3W/0L graveyard, negative OI coiling, confirmed outperformer vs BTC",,2026-06-26 0:09,2026-06-26 14:40,,94.0
H_SHORT_2026-06-26_010,H,SHORT,FULL_WIN,0.1085,0.08,TP4,0.0,0.0,"Stage 5 catastrophic distribution — 15W/0L graveyard dominance, chronic structural breakdown, dead-cat bounce entry, volume declining on bounces, preferred SHORT recovery coin",,2026-06-26 0:09,2026-06-26 0:10,,96.0
H_SHORT_2026-06-26_210,H,SHORT,FULL_WIN,0.11,0.08,TP4,0.0,0.0,"Stage 5 catastrophic distribution — 16 consecutive WIN trades on H shorts in graveyard, price still elevated post multiple bounces, extreme distribution pattern confirmed, high-volume rejection at resistance",,2026-06-26 2:05,2026-06-26 2:10,,97.0
CRV_SHORT_2026-06-26_919,CRV,SHORT,PARTIAL_WIN,0.2,0.19,TP1,0.0,0.0,"Stage 5 distribution — WIN in graveyard, -12.32% 7d structural decline, 24h +0.68% dead-cat bounce entry on resistance rejection, negative funding -0.0135% exhausted longs, Vol/Mcap elevated at 0.005",,2026-06-26 2:05,2026-06-26 9:19,,95.0
H_SHORT_2026-06-26_410,H,SHORT,FULL_WIN,0.1075,0.08,TP4,0.0,0.0,"Stage 5 catastrophic distribution — 16x consecutive SHORT wins in graveyard, BTC -2.22% 24h confirms macro tailwind, repair-mode preferred coin, structural bleed pattern intact",,2026-06-26 4:09,2026-06-26 4:10,,97.0
H_SHORT_2026-06-26_610,H,SHORT,FULL_WIN,0.106,0.06,TP4,0.0,0.0,"Stage 5 catastrophic distribution — 16+ consecutive SHORT wins on H in graveyard, chronic structural breakdown, no data in current batch but historically the #1 SHORT coin, dead-cat bounce rejection pattern",,2026-06-26 6:05,2026-06-26 6:10,,97.0
MNT_SHORT_2026-06-26_2010,MNT,SHORT,PARTIAL_WIN,0.4515,0.42,TP1,0.0,0.0,"Stage 5 catastrophic distribution — -12.13% 24h largest single-day drop in dataset, -16.52% 7d, $1.457B mcap above threshold, not in oversold reject zone (fresh breakdown today), Vol/MCap 0.014 elevated confirming distribution, funding +0.0013% near neutral",,2026-06-26 6:05,2026-06-26 20:10,,95.0
H_SHORT_2026-06-26_810,H,SHORT,FULL_WIN,0.0975,0.06,TP4,0.0,0.0,"Stage 5 catastrophic distribution — 16x consecutive SHORT wins in graveyard, structural breakdown confirmed, high Vol/MCap 0.019, declining price action, preferred recovery coin, bear regime alignment",,2026-06-26 8:08,2026-06-26 8:10,,97.0
H_SHORT_2026-06-26_1010,H,SHORT,FULL_WIN,0.0975,0.06,TP4,0.0,0.0,"Stage 5 catastrophic distribution — 16W/0L in graveyard, confirmed structural collapse, BTC -3.5% 24h tailwind, bear expansion regime, price action confirming continued downtrend",,2026-06-26 10:05,2026-06-26 10:10,,97.0
H_SHORT_2026-06-26_1410,H,SHORT,FULL_WIN,0.0975,0.06,TP3,0.0,0.0,"Stage 5 catastrophic distribution — 16 consecutive TP4 wins in graveyard, 100% SHORT WR, structural collapse ongoing, preferred SHORT recovery coin, BTC -2.3% 24h confirms short conditions",,2026-06-26 14:07,2026-06-26 14:10,,97.0
H_SHORT_2026-06-26_1619,H,SHORT,FULL_WIN,0.098,0.07,TP3,0.0,0.0,"Stage 5 catastrophic distribution — 16W/0L graveyard record, chronic structural breakdown, BTC.D high confirms alt weakness, extreme fear environment compounds selling, price action confirms multi-month distribution",,2026-06-26 16:10,2026-06-26 16:19,,97.0
H_SHORT_2026-06-26_1810,H,SHORT,FULL_WIN,0.0985,0.07,TP4,0.0,0.0,"Stage 5 catastrophic distribution — 16x+ consecutive short wins in graveyard, structural collapse ongoing, BTC downtrend confirms, dead-cat suppression pattern",,2026-06-26 18:05,2026-06-26 18:10,,96.0
H_SHORT_2026-06-26_2010,H,SHORT,FULL_WIN,0.1075,0.07,TP4,0.0,0.0,"Stage 5 catastrophic distribution — 16x+ graveyard WIN streak at TP3-TP4, structural collapse confirmed, BTC -3.4% 24h tailwind, no bounce recovery",,2026-06-26 20:09,2026-06-26 20:10,,96.0
H_SHORT_2026-06-26_2230,H,SHORT,FULL_WIN,0.0975,0.06,TP4,0.0,0.0,"Stage 5 catastrophic distribution — 16W/0L in graveyard, structural collapse confirmed, declining OI on dead-cat bounces, extreme distribution volume pattern",,2026-06-26 22:08,2026-06-26 22:30,,97.0
